{
"lengthUnit": "mil",
"remark": [],
"components": {
	"fields": ["COMPONENT_NO", "COMPONENT_NAME", "LAYER", "X_COORDINATE", "Y_COORDINATE", "ANGLE"],
	"rows": [
		[1, "Cboot1", "T", 160, -575, 270],
		[2, "Cboot2", "T", 180, -1255, 270],
		[3, "Ccomp", "T", 170, -860, 0],
		[4, "Ccomp2", "T", 165, -950, 270],
		[5, "Cin", "T", 0, -645, 0],
		[6, "Cinx", "T", -75, -465, 180],
		[7, "Cinx2", "T", -185, -605, 180],
		[8, "Cout", "T", -10, -1075, 0],
		[9, "Coutx", "T", -200, -1245, 270],
		[10, "Coutx2", "T", 200, -1125, 180],
		[11, "Cvcc", "T", 70, -460, 0],
		[12, "H1", "T", 0, -340, 180],
		[13, "Rcomp", "T", 170, -805, 0],
		[14, "Renb", "T", -145, -865, 90],
		[15, "Rent", "T", -145, -770, 90],
		[16, "Rt", "T", -180, -965, 270],
		[17, "U1", "T", 0, -850, 0],
		[18, "U2", "T", -15, -1395, 270],
		[19, "PAD1", "T", 160, -596.46, 0],
		[20, "PAD2", "T", 160, -553.54, 0],
		[21, "PAD3", "T", 180, -1276.46, 0],
		[22, "PAD4", "T", 180, -1233.54, 0],
		[23, "PAD5", "T", 191.46, -860, 0],
		[24, "PAD6", "T", 148.54, -860, 0],
		[25, "PAD7", "T", 165, -971.46, 0],
		[26, "PAD8", "T", 165, -928.54, 0],
		[27, "PAD9", "T", -114.37, -465, 0],
		[28, "PAD10", "T", -35.63, -465, 0],
		[29, "PAD11", "T", -206.46, -605, 0],
		[30, "PAD12", "T", -163.54, -605, 0],
		[31, "PAD13", "T", -200, -1307.7, 0],
		[32, "PAD14", "T", -200, -1182.3, 0],
		[33, "PAD15", "T", 178.54, -1125, 0],
		[34, "PAD16", "T", 221.46, -1125, 0],
		[35, "PAD17", "T", 97.56, -460, 0],
		[36, "PAD18", "T", 42.44, -460, 0],
		[37, "PAD19", "T", 187.04, -805, 0],
		[38, "PAD20", "T", 152.96, -805, 0],
		[39, "PAD21", "T", -145, -847.96, 0],
		[40, "PAD22", "T", -145, -882.04, 0],
		[41, "PAD23", "T", -145, -752.96, 0],
		[42, "PAD24", "T", -145, -787.04, 0],
		[43, "PAD25", "T", -180, -982.04, 0],
		[44, "PAD26", "T", -180, -947.96, 0],
		[45, "PAD27", "T", -94.488, -820.47, 0],
		[46, "PAD28", "T", -94.488, -840.16, 0],
		[47, "PAD29", "T", -80.315, -904.134, 0],
		[48, "PAD30", "T", -60.625, -905.118, 0],
		[49, "PAD31", "T", -40.945, -850, 0],
		[50, "PAD32", "T", -21.255, -850, 0],
		[51, "PAD33", "T", 0, -850, 0],
		[52, "PAD34", "T", 21.265, -850, 0],
		[53, "PAD35", "T", 40.945, -850, 0],
		[54, "PAD36", "T", 60.635, -905.118, 0],
		[55, "PAD37", "T", 80.315, -904.134, 0],
		[56, "PAD38", "T", 94.488, -859.84, 0],
		[57, "PAD39", "T", 94.488, -820.47, 0],
		[58, "PAD40", "T", 80.315, -795.866, 0],
		[59, "PAD41", "T", 60.635, -794.882, 0],
		[60, "PAD42", "T", -80.315, -795.866, 0],
		[61, "PAD43", "T", -60.635, -794.882, 0],
		[62, "PAD44", "T", -15, -1474.53, 0],
		[63, "PAD45", "T", -15, -1315.47, 0],
		[64, "PAD46", "T", -150, -340, 0],
		[65, "PAD47", "T", -50, -340, 0],
		[66, "PAD48", "T", 50, -340, 0],
		[67, "PAD49", "T", 150, -340, 0],
		[68, "PAD50", "T", 105.113, -645.005, 0],
		[69, "PAD51", "T", -105.117, -645.005, 0],
		[70, "PAD52", "T", 95.12, -1075, 0],
		[71, "PAD53", "T", -115.12, -1075, 0]
	]
},
"pins": {
	"fields": ["PIN_NO", "PIN_NAME", "PIN_X", "PIN_Y", "LAYER", "PIN_TYPE", "NET_NAME", "NET_TYPE", "PAD_SHAPE", "PAD_SIZEX", "PAD_SIZEY", "HOLE_SIZE", "HOLE_LEN", "PAD_ANGLE"],
	"rows": [
		[1, "Cboot1_1", 160, -553.54, "T", "SMD", "$1N427", "", "R", 31.106, 21.26, 0, 0, 270],
		[2, "Cboot1_2", 160, -596.46, "T", "SMD", "$1N421", "", "R", 31.106, 21.26, 0, 0, 270],
		[3, "Cboot2_1", 180, -1233.54, "T", "SMD", "$1N433", "", "R", 31.106, 21.26, 0, 0, 270],
		[4, "Cboot2_2", 180, -1276.46, "T", "SMD", "$1N423", "", "R", 31.106, 21.26, 0, 0, 270],
		[5, "Ccomp_1", 148.54, -860, "T", "SMD", "$1N2042", "", "R", 31.106, 21.26, 0, 0, 0],
		[6, "Ccomp_2", 191.46, -860, "T", "SMD", "$1N2054", "", "R", 31.106, 21.26, 0, 0, 0],
		[7, "Ccomp2_1", 165, -928.54, "T", "SMD", "$1N2042", "", "R", 31.106, 21.26, 0, 0, 270],
		[8, "Ccomp2_2", 165, -971.46, "T", "SMD", "GND", "GND", "R", 31.106, 21.26, 0, 0, 270],
		[9, "Cin_1", -105.117, -645.005, "T", "SMD", "VIN", "", "R", 137.795, 47.244, 0, 0, 0],
		[10, "Cin_2", 105.113, -645.005, "T", "SMD", "GND", "GND", "R", 137.795, 47.244, 0, 0, 0],
		[11, "Cinx_1", -35.63, -465, "T", "SMD", "GND", "GND", "R", 55.512, 53.15, 0, 0, 180],
		[12, "Cinx_2", -114.37, -465, "T", "SMD", "VIN", "", "R", 55.512, 53.15, 0, 0, 180],
		[13, "Cinx2_1", -163.54, -605, "T", "SMD", "VIN", "", "R", 31.106, 21.26, 0, 0, 180],
		[14, "Cinx2_2", -206.46, -605, "T", "SMD", "GND", "GND", "R", 31.106, 21.26, 0, 0, 180],
		[15, "Cout_1", -115.12, -1075, "T", "SMD", "GND", "GND", "R", 137.795, 47.244, 0, 0, 0],
		[16, "Cout_2", 95.12, -1075, "T", "SMD", "VOUT", "", "R", 137.795, 47.244, 0, 0, 0],
		[17, "Coutx_1", -200, -1182.3, "T", "SMD", "VOUT", "", "R", 58.465, 68.031, 0, 0, 270],
		[18, "Coutx_2", -200, -1307.7, "T", "SMD", "GND", "GND", "R", 58.465, 68.031, 0, 0, 270],
		[19, "Coutx2_1", 221.46, -1125, "T", "SMD", "GND", "GND", "R", 31.106, 21.26, 0, 0, 180],
		[20, "Coutx2_2", 178.54, -1125, "T", "SMD", "VOUT", "", "R", 31.106, 21.26, 0, 0, 180],
		[21, "Cvcc_1", 42.44, -460, "T", "SMD", "GND", "GND", "R", 31.496, 35.433, 0, 0, 0],
		[22, "Cvcc_2", 97.56, -460, "T", "SMD", "$1N1957", "", "R", 31.496, 35.433, 0, 0, 0],
		[23, "H1_1", 150, -340, "T", "SMD", "VOUT", "", "R", 40.157, 125.984, 0, 0, 180],
		[24, "H1_2", 50, -340, "T", "SMD", "GND", "GND", "R", 40.157, 125.984, 0, 0, 180],
		[25, "H1_3", -50, -340, "T", "SMD", "GND", "GND", "R", 40.157, 125.984, 0, 0, 180],
		[26, "H1_4", -150, -340, "T", "SMD", "VIN", "", "R", 40.157, 125.984, 0, 0, 180],
		[27, "Rcomp_1", 152.96, -805, "T", "SMD", "GND", "GND", "R", 22.27, 21.26, 0, 0, 0],
		[28, "Rcomp_2", 187.04, -805, "T", "SMD", "$1N2054", "", "R", 22.27, 21.26, 0, 0, 0],
		[29, "Renb_1", -145, -882.04, "T", "SMD", "GND", "GND", "R", 22.27, 21.26, 0, 0, 90],
		[30, "Renb_2", -145, -847.96, "T", "SMD", "$1N1834", "", "R", 22.27, 21.26, 0, 0, 90],
		[31, "Rent_1", -145, -787.04, "T", "SMD", "$1N1834", "", "R", 22.27, 21.26, 0, 0, 90],
		[32, "Rent_2", -145, -752.96, "T", "SMD", "VIN", "", "R", 22.27, 21.26, 0, 0, 90],
		[33, "Rt_1", -180, -947.96, "T", "SMD", "$1N2093", "", "R", 22.27, 21.26, 0, 0, 270],
		[34, "Rt_2", -180, -982.04, "T", "SMD", "GND", "GND", "R", 22.27, 21.26, 0, 0, 270],
		[35, "U1_1", -94.488, -820.47, "T", "SMD", "$1N1834", "", "R", 23.622, 9.843, 0, 0, 0],
		[36, "U1_2", -94.488, -840.16, "T", "SMD", "GND", "GND", "R", 23.622, 9.843, 0, 0, 0],
		[37, "U1_3", -94.488, -859.84, "T", "SMD", "NET_1", "", "R", 23.622, 9.843, 0, 0, 0],
		[38, "U1_4", -94.488, -879.53, "T", "SMD", "NET_2", "", "R", 23.622, 9.843, 0, 0, 0],
		[39, "U1_5", -80.315, -904.134, "T", "SMD", "GND", "GND", "R", 9.843, 25.591, 0, 0, 0],
		[40, "U1_6", -60.625, -905.118, "T", "SMD", "$1N2093", "", "R", 9.843, 23.622, 0, 0, 0],
		[41, "U1_7", -40.945, -850, "T", "SMD", "VIN", "", "R", 9.843, 133.858, 0, 0, 0],
		[42, "U1_8", -21.255, -850, "T", "SMD", "$1N421", "", "R", 9.843, 133.858, 0, 0, 0],
		[43, "U1_9", 0, -850, "T", "SMD", "GND", "GND", "R", 12.992, 133.858, 0, 0, 0],
		[44, "U1_10", 21.265, -850, "T", "SMD", "$1N423", "", "R", 9.843, 133.858, 0, 0, 0],
		[45, "U1_11", 40.945, -850, "T", "SMD", "VOUT", "", "R", 9.843, 133.858, 0, 0, 0],
		[46, "U1_12", 60.635, -905.118, "T", "SMD", "VOUT", "", "R", 9.843, 23.622, 0, 0, 0],
		[47, "U1_13", 80.315, -904.134, "T", "SMD", "VOUT", "", "R", 9.843, 25.591, 0, 0, 0],
		[48, "U1_14", 94.488, -879.53, "T", "SMD", "NET_3", "", "R", 23.622, 9.843, 0, 0, 0],
		[49, "U1_15", 94.488, -859.84, "T", "SMD", "$1N2042", "", "R", 23.622, 9.843, 0, 0, 0],
		[50, "U1_16", 94.488, -840.16, "T", "SMD", "NET_4", "", "R", 23.622, 9.843, 0, 0, 0],
		[51, "U1_17", 94.488, -820.47, "T", "SMD", "GND", "GND", "R", 23.622, 9.843, 0, 0, 0],
		[52, "U1_18", 80.315, -795.866, "T", "SMD", "$1N1957", "", "R", 9.843, 25.591, 0, 0, 0],
		[53, "U1_19", 60.635, -794.882, "T", "SMD", "$1N433", "", "R", 9.843, 23.622, 0, 0, 0],
		[54, "U1_20", -60.635, -794.882, "T", "SMD", "$1N427", "", "R", 9.843, 23.622, 0, 0, 0],
		[55, "U1_21", -80.315, -795.866, "T", "SMD", "$1N1957", "", "R", 9.843, 25.591, 0, 0, 0],
		[56, "U2_1", -15, -1315.47, "T", "SMD", "$1N421", "", "R", 55.118, 216.535, 0, 0, 270],
		[57, "U2_2", -15, -1474.53, "T", "SMD", "$1N423", "", "R", 55.118, 216.535, 0, 0, 270],
		[58, "PAD1_2", 160, -596.46, "T", "SMD", "$1N421", "", "R", 31.106, 21.26, 0, 0, 270],
		[59, "PAD2_1", 160, -553.54, "T", "SMD", "$1N427", "", "R", 31.106, 21.26, 0, 0, 270],
		[60, "PAD3_2", 180, -1276.46, "T", "SMD", "$1N423", "", "R", 31.106, 21.26, 0, 0, 270],
		[61, "PAD4_1", 180, -1233.54, "T", "SMD", "$1N433", "", "R", 31.106, 21.26, 0, 0, 270],
		[62, "PAD5_2", 191.46, -860, "T", "SMD", "$1N2054", "", "R", 31.106, 21.26, 0, 0, 0],
		[63, "PAD6_1", 148.54, -860, "T", "SMD", "$1N2042", "", "R", 31.106, 21.26, 0, 0, 0],
		[64, "PAD7_2", 165, -971.46, "T", "SMD", "GND", "GND", "R", 31.106, 21.26, 0, 0, 270],
		[65, "PAD8_1", 165, -928.54, "T", "SMD", "$1N2042", "", "R", 31.106, 21.26, 0, 0, 270],
		[66, "PAD9_2", -114.37, -465, "T", "SMD", "VIN", "", "R", 55.512, 53.15, 0, 0, 180],
		[67, "PAD10_1", -35.63, -465, "T", "SMD", "GND", "GND", "R", 55.512, 53.15, 0, 0, 180],
		[68, "PAD11_2", -206.46, -605, "T", "SMD", "GND", "GND", "R", 31.106, 21.26, 0, 0, 180],
		[69, "PAD12_1", -163.54, -605, "T", "SMD", "VIN", "", "R", 31.106, 21.26, 0, 0, 180],
		[70, "PAD13_2", -200, -1307.7, "T", "SMD", "GND", "GND", "R", 58.465, 68.031, 0, 0, 270],
		[71, "PAD14_1", -200, -1182.3, "T", "SMD", "VOUT", "", "R", 58.465, 68.031, 0, 0, 270],
		[72, "PAD15_2", 178.54, -1125, "T", "SMD", "VOUT", "", "R", 31.106, 21.26, 0, 0, 180],
		[73, "PAD16_1", 221.46, -1125, "T", "SMD", "GND", "GND", "R", 31.106, 21.26, 0, 0, 180],
		[74, "PAD17_2", 97.56, -460, "T", "SMD", "$1N1957", "", "R", 31.496, 35.433, 0, 0, 0],
		[75, "PAD18_1", 42.44, -460, "T", "SMD", "GND", "GND", "R", 31.496, 35.433, 0, 0, 0],
		[76, "PAD19_2", 187.04, -805, "T", "SMD", "$1N2054", "", "R", 22.27, 21.26, 0, 0, 0],
		[77, "PAD20_1", 152.96, -805, "T", "SMD", "GND", "GND", "R", 22.27, 21.26, 0, 0, 0],
		[78, "PAD21_2", -145, -847.96, "T", "SMD", "$1N1834", "", "R", 22.27, 21.26, 0, 0, 90],
		[79, "PAD22_1", -145, -882.04, "T", "SMD", "GND", "GND", "R", 22.27, 21.26, 0, 0, 90],
		[80, "PAD23_2", -145, -752.96, "T", "SMD", "VIN", "", "R", 22.27, 21.26, 0, 0, 90],
		[81, "PAD24_1", -145, -787.04, "T", "SMD", "$1N1834", "", "R", 22.27, 21.26, 0, 0, 90],
		[82, "PAD25_2", -180, -982.04, "T", "SMD", "GND", "GND", "R", 22.27, 21.26, 0, 0, 270],
		[83, "PAD26_1", -180, -947.96, "T", "SMD", "$1N2093", "", "R", 22.27, 21.26, 0, 0, 270],
		[84, "PAD27_1", -94.488, -820.47, "T", "SMD", "$1N1834", "", "R", 23.622, 9.843, 0, 0, 0],
		[85, "PAD28_2", -94.488, -840.16, "T", "SMD", "GND", "GND", "R", 23.622, 9.843, 0, 0, 0],
		[86, "PAD29_5", -80.315, -904.134, "T", "SMD", "GND", "GND", "R", 9.843, 25.591, 0, 0, 0],
		[87, "PAD30_6", -60.625, -905.118, "T", "SMD", "$1N2093", "", "R", 9.843, 23.622, 0, 0, 0],
		[88, "PAD31_7", -40.945, -850, "T", "SMD", "VIN", "", "R", 9.843, 133.858, 0, 0, 0],
		[89, "PAD32_8", -21.255, -850, "T", "SMD", "$1N421", "", "R", 9.843, 133.858, 0, 0, 0],
		[90, "PAD33_9", 0, -850, "T", "SMD", "GND", "GND", "R", 12.992, 133.858, 0, 0, 0],
		[91, "PAD34_10", 21.265, -850, "T", "SMD", "$1N423", "", "R", 9.843, 133.858, 0, 0, 0],
		[92, "PAD35_11", 40.945, -850, "T", "SMD", "VOUT", "", "R", 9.843, 133.858, 0, 0, 0],
		[93, "PAD36_12", 60.635, -905.118, "T", "SMD", "VOUT", "", "R", 9.843, 23.622, 0, 0, 0],
		[94, "PAD37_13", 80.315, -904.134, "T", "SMD", "VOUT", "", "R", 9.843, 25.591, 0, 0, 0],
		[95, "PAD38_15", 94.488, -859.84, "T", "SMD", "$1N2042", "", "R", 23.622, 9.843, 0, 0, 0],
		[96, "PAD39_17", 94.488, -820.47, "T", "SMD", "GND", "GND", "R", 23.622, 9.843, 0, 0, 0],
		[97, "PAD40_18", 80.315, -795.866, "T", "SMD", "$1N1957", "", "R", 9.843, 25.591, 0, 0, 0],
		[98, "PAD41_19", 60.635, -794.882, "T", "SMD", "$1N433", "", "R", 9.843, 23.622, 0, 0, 0],
		[99, "PAD42_21", -80.315, -795.866, "T", "SMD", "$1N1957", "", "R", 9.843, 25.591, 0, 0, 0],
		[100, "PAD43_20", -60.635, -794.882, "T", "SMD", "$1N427", "", "R", 9.843, 23.622, 0, 0, 0],
		[101, "PAD44_2", -15, -1474.53, "T", "SMD", "$1N423", "", "R", 55.118, 216.535, 0, 0, 270],
		[102, "PAD45_1", -15, -1315.47, "T", "SMD", "$1N421", "", "R", 55.118, 216.535, 0, 0, 270],
		[103, "PAD46_4", -150, -340, "T", "SMD", "VIN", "", "R", 40.157, 125.984, 0, 0, 180],
		[104, "PAD47_3", -50, -340, "T", "SMD", "GND", "GND", "R", 40.157, 125.984, 0, 0, 180],
		[105, "PAD48_2", 50, -340, "T", "SMD", "GND", "GND", "R", 40.157, 125.984, 0, 0, 180],
		[106, "PAD49_1", 150, -340, "T", "SMD", "VOUT", "", "R", 40.157, 125.984, 0, 0, 180],
		[107, "PAD50_2", 105.113, -645.005, "T", "SMD", "GND", "GND", "R", 137.795, 47.244, 0, 0, 0],
		[108, "PAD51_1", -105.117, -645.005, "T", "SMD", "VIN", "", "R", 137.795, 47.244, 0, 0, 0],
		[109, "PAD52_2", 95.12, -1075, "T", "SMD", "VOUT", "", "R", 137.795, 47.244, 0, 0, 0],
		[110, "PAD53_1", -115.12, -1075, "T", "SMD", "GND", "GND", "R", 137.795, 47.244, 0, 0, 0]
	]
}
}